x,y,sigma_trace,lambda_trace
5,5,2,0
5,5,2,0
5.01851,5.05125,1.33333,2.66667
5.03702,5.1025,1.25,2.19
5.05552,5.15375,1.2381,2.0995
5.07403,5.205,1.23636,2.08571
5.07403,5.205,1.23636,2.08571
5.16375,5.16669,1.23611,2.08368
5.16375,5.16669,1.23611,2.08368
5.12365,5.25513,1.23607,2.08338
5.08355,5.34357,1.23607,2.08334
5.08355,5.34357,1.23607,2.08334
5.10605,5.42063,1.23607,2.08333
5.12855,5.4977,1.23607,2.08333
5.15105,5.57476,1.23607,2.08333
5.17354,5.65182,1.23607,2.08333
5.17354,5.65182,1.23607,2.08333
5.13477,5.68379,1.23607,2.08333
5.096,5.71576,1.23607,2.08333
5.05723,5.74772,1.23607,2.08333
5.01846,5.77969,1.23607,2.08333
4.97969,5.81166,1.23607,2.08333
4.97969,5.81166,1.23607,2.08333
4.98735,5.89689,1.23607,2.08333
4.99502,5.98212,1.23607,2.08333
5.00268,6.06735,1.23607,2.08333
5.01035,6.15259,1.23607,2.08333
5.01035,6.15259,1.23607,2.08333
4.99704,6.16425,1.23607,2.08333
4.98373,6.1759,1.23607,2.08333
4.97041,6.18756,1.23607,2.08333
4.97041,6.18756,1.23607,2.08333
4.98365,6.2615,1.23607,2.08333
4.99689,6.33544,1.23607,2.08333
5.01013,6.40937,1.23607,2.08333
5.02336,6.48331,1.23607,2.08333
5.0366,6.55725,1.23607,2.08333
5.0366,6.55725,1.23607,2.08333
5.0279,6.59877,1.23607,2.08333
5.01919,6.6403,1.23607,2.08333
5.01048,6.68183,1.23607,2.08333
5.00178,6.72336,1.23607,2.08333
4.99307,6.76489,1.23607,2.08333
4.99307,6.76489,1.23607,2.08333
4.95179,6.8281,1.23607,2.08333
4.91051,6.89132,1.23607,2.08333
4.91051,6.89132,1.23607,2.08333
4.94274,6.90726,1.23607,2.08333
4.97497,6.9232,1.23607,2.08333
5.0072,6.93913,1.23607,2.08333
5.0072,6.93913,1.23607,2.08333
4.96689,6.98165,1.23607,2.08333
4.92659,7.02416,1.23607,2.08333
4.88629,7.06668,1.23607,2.08333
4.88629,7.06668,1.23607,2.08333
4.89068,7.11253,1.23607,2.08333
4.89508,7.15838,1.23607,2.08333
4.89508,7.15838,1.23607,2.08333
4.94269,7.23065,1.23607,2.08333
4.9903,7.30292,1.23607,2.08333
5.03792,7.37518,1.23607,2.08333
5.08553,7.44745,1.23607,2.08333
5.31425,7.36674,1.23607,2.08333
5.31425,7.36674,1.23607,2.08333
5.32655,7.42553,1.23607,2.08333
5.33885,7.48433,1.23607,2.08333
5.35115,7.54312,1.23607,2.08333
5.35115,7.54312,1.23607,2.08333
5.36991,7.62283,1.23607,2.08333
5.36991,7.62283,1.23607,2.08333
5.45522,7.54288,1.23607,2.08333
5.54053,7.46294,1.23607,2.08333
5.62584,7.383,1.23607,2.08333
5.62584,7.383,1.23607,2.08333
5.56277,7.47849,1.23607,2.08333
5.49969,7.57399,1.23607,2.08333
5.43661,7.66949,1.23607,2.08333
5.37354,7.76499,1.23607,2.08333
5.31046,7.86049,1.23607,2.08333
5.31046,7.86049,1.23607,2.08333
5.25428,7.95128,1.23607,2.08333
5.1981,8.04207,1.23607,2.08333
5.14192,8.13285,1.23607,2.08333
5.08574,8.22364,1.23607,2.08333
5.08574,8.22364,1.23607,2.08333
5.03671,8.28057,1.23607,2.08333
4.98769,8.3375,1.23607,2.08333
4.98769,8.3375,1.23607,2.08333
5.03294,8.43234,1.23607,2.08333
5.07818,8.52719,1.23607,2.08333
5.12342,8.62203,1.23607,2.08333
5.12342,8.62203,1.23607,2.08333
5.1094,8.6477,1.23607,2.08333
5.1094,8.6477,1.23607,2.08333
5.10261,8.6908,1.23607,2.08333
5.10261,8.6908,1.23607,2.08333
5.06746,8.7843,1.23607,2.08333
5.0323,8.87779,1.23607,2.08333
4.99714,8.97129,1.23607,2.08333
4.96199,9.06478,1.23607,2.08333
4.92683,9.15828,1.23607,2.08333
4.92683,9.15828,1.23607,2.08333
4.91516,9.22568,1.23607,2.08333
4.91516,9.22568,1.23607,2.08333
4.88602,9.29433,1.23607,2.08333
4.85688,9.36299,1.23607,2.08333
4.82773,9.43164,1.23607,2.08333
4.79859,9.50029,1.23607,2.08333
4.79859,9.50029,1.23607,2.08333
4.83021,9.53931,1.23607,2.08333
4.86182,9.57833,1.23607,2.08333
4.89344,9.61734,1.23607,2.08333
4.89344,9.61734,1.23607,2.08333
4.88221,9.67957,1.23607,2.08333
4.87099,9.7418,1.23607,2.08333
4.85976,9.80403,1.23607,2.08333
4.84853,9.86626,1.23607,2.08333
4.8373,9.92848,1.23607,2.08333
4.8373,9.92848,1.23607,2.08333
4.87807,10.0041,1.23607,2.08333
4.91884,10.0797,1.23607,2.08333
4.95961,10.1554,1.23607,2.08333
5.00038,10.231,1.23607,2.08333
5.04116,10.3066,1.23607,2.08333
5.04116,10.3066,1.23607,2.08333
5.0721,10.296,1.23607,2.08333
5.10304,10.2853,1.23607,2.08333
5.10304,10.2853,1.23607,2.08333
5.12899,10.3279,1.23607,2.08333
5.15495,10.3705,1.23607,2.08333
5.1809,10.4131,1.23607,2.08333
5.20685,10.4557,1.23607,2.08333
5.23281,10.4982,1.23607,2.08333
5.00219,10.6854,1.23607,2.08333
5.15663,10.7665,1.23607,2.08333
5.15663,10.7665,1.23607,2.08333
5.12626,10.8021,1.23607,2.08333
5.09589,10.8377,1.23607,2.08333
5.06552,10.8733,1.23607,2.08333
5.03515,10.9089,1.23607,2.08333
5.00478,10.9446,1.23607,2.08333
5.00478,10.9446,1.23607,2.08333
5.03537,10.9797,1.23607,2.08333
5.06597,11.0148,1.23607,2.08333
5.09657,11.0499,1.23607,2.08333
5.09657,11.0499,1.23607,2.08333
5.10126,11.1199,1.23607,2.08333
5.10595,11.1898,1.23607,2.08333
5.11064,11.2597,1.23607,2.08333
5.11533,11.3297,1.23607,2.08333
5.12002,11.3996,1.23607,2.08333
5.12002,11.3996,1.23607,2.08333
5.13986,11.4957,1.23607,2.08333
5.1597,11.5917,1.23607,2.08333
5.17954,11.6878,1.23607,2.08333
5.19938,11.7838,1.23607,2.08333
5.21922,11.8798,1.23607,2.08333
5.21922,11.8798,1.23607,2.08333
5.21212,11.9417,1.23607,2.08333
5.20502,12.0036,1.23607,2.08333
5.19792,12.0655,1.23607,2.08333
5.19082,12.1274,1.23607,2.08333
5.18372,12.1893,1.23607,2.08333
5.18372,12.1893,1.23607,2.08333
5.21506,12.1027,1.23607,2.08333
5.21506,12.1027,1.23607,2.08333
5.24853,12.1582,1.23607,2.08333
5.282,12.2137,1.23607,2.08333
5.282,12.2137,1.23607,2.08333
5.287,12.2612,1.23607,2.08333
5.29201,12.3088,1.23607,2.08333
5.29702,12.3564,1.23607,2.08333
5.29702,12.3564,1.23607,2.08333
5.28784,12.3637,1.23607,2.08333
5.27867,12.371,1.23607,2.08333
5.27867,12.371,1.23607,2.08333
5.28936,12.4244,1.23607,2.08333
5.30005,12.4777,1.23607,2.08333
5.30005,12.4777,1.23607,2.08333
5.29983,12.5073,1.23607,2.08333
5.29983,12.5073,1.23607,2.08333
5.28096,12.5543,1.23607,2.08333
5.28096,12.5543,1.23607,2.08333
5.28411,12.62,1.23607,2.08333
5.28727,12.6857,1.23607,2.08333
5.28727,12.6857,1.23607,2.08333
5.28748,12.7848,1.23607,2.08333
5.28769,12.8838,1.23607,2.08333
5.2879,12.9829,1.23607,2.08333
5.28811,13.082,1.23607,2.08333
5.28811,13.082,1.23607,2.08333
5.25427,13.1768,1.23607,2.08333
5.22043,13.2715,1.23607,2.08333
5.18659,13.3663,1.23607,2.08333
5.18659,13.3663,1.23607,2.08333
5.18226,13.4029,1.23607,2.08333
5.17793,13.4395,1.23607,2.08333
5.1736,13.4762,1.23607,2.08333
5.1736,13.4762,1.23607,2.08333
5.1387,13.532,1.23607,2.08333
5.1387,13.532,1.23607,2.08333
5.17912,13.5392,1.23607,2.08333
5.21954,13.5464,1.23607,2.08333
5.25996,13.5536,1.23607,2.08333
5.25996,13.5536,1.23607,2.08333
5.26455,13.592,1.23607,2.08333
5.26455,13.592,1.23607,2.08333
5.30351,13.5791,1.23607,2.08333
5.30351,13.5791,1.23607,2.08333
5.33126,13.6639,1.23607,2.08333
5.35901,13.7486,1.23607,2.08333
5.38676,13.8334,1.23607,2.08333
5.41451,13.9182,1.23607,2.08333
5.44226,14.003,1.23607,2.08333
5.44226,14.003,1.23607,2.08333
5.3884,14.0456,1.23607,2.08333
5.33454,14.0881,1.23607,2.08333
5.33454,14.0881,1.23607,2.08333
5.31944,14.1728,1.23607,2.08333
5.30435,14.2574,1.23607,2.08333
5.28925,14.3421,1.23607,2.08333
5.27416,14.4268,1.23607,2.08333
5.25907,14.5114,1.23607,2.08333
5.25907,14.5114,1.23607,2.08333
5.21443,14.5559,1.23607,2.08333
5.1698,14.6004,1.23607,2.08333
5.12517,14.6448,1.23607,2.08333
5.08054,14.6893,1.23607,2.08333
5.0359,14.7337,1.23607,2.08333
5.0359,14.7337,1.23607,2.08333
5.01682,14.7106,1.23607,2.08333
4.99773,14.6875,1.23607,2.08333
4.97864,14.6643,1.23607,2.08333
4.95955,14.6412,1.23607,2.08333
4.94047,14.6181,1.23607,2.08333
4.94047,14.6181,1.23607,2.08333
4.96778,14.7086,1.23607,2.08333
4.99508,14.7992,1.23607,2.08333
5.02239,14.8898,1.23607,2.08333
5.0497,14.9803,1.23607,2.08333
5.0497,14.9803,1.23607,2.08333
5.03565,15.0022,1.23607,2.08333
5.0216,15.0241,1.23607,2.08333
5.00755,15.0459,1.23607,2.08333
4.9935,15.0678,1.23607,2.08333
4.9935,15.0678,1.23607,2.08333
4.97207,15.1372,1.23607,2.08333
4.95063,15.2067,1.23607,2.08333
4.95063,15.2067,1.23607,2.08333
4.99717,15.2907,1.23607,2.08333
5.04371,15.3748,1.23607,2.08333
5.09024,15.4589,1.23607,2.08333
5.22512,15.4753,1.23607,2.08333
5.22512,15.4753,1.23607,2.08333
5.23812,15.5046,1.23607,2.08333
5.25112,15.534,1.23607,2.08333
5.26411,15.5633,1.23607,2.08333
5.27711,15.5927,1.23607,2.08333
5.27711,15.5927,1.23607,2.08333
5.28745,15.5838,1.23607,2.08333
5.29779,15.575,1.23607,2.08333
5.29779,15.575,1.23607,2.08333
5.23769,15.6592,1.23607,2.08333
5.17759,15.7434,1.23607,2.08333
5.17759,15.7434,1.23607,2.08333
5.2177,15.8416,1.23607,2.08333
5.2177,15.8416,1.23607,2.08333
5.25554,15.8651,1.23607,2.08333
5.29338,15.8887,1.23607,2.08333
5.29338,15.8887,1.23607,2.08333
5.27552,15.8963,1.23607,2.08333
5.27552,15.8963,1.23607,2.08333
5.30603,15.9009,1.23607,2.08333
5.33654,15.9054,1.23607,2.08333
5.36705,15.91,1.23607,2.08333
5.39757,15.9146,1.23607,2.08333
5.42808,15.9191,1.23607,2.08333
5.42808,15.9191,1.23607,2.08333
5.41627,15.9815,1.23607,2.08333
5.40446,16.0439,1.23607,2.08333
5.39265,16.1062,1.23607,2.08333
5.38084,16.1686,1.23607,2.08333
5.36904,16.2309,1.23607,2.08333
5.36904,16.2309,1.23607,2.08333
5.36911,16.2772,1.23607,2.08333
5.36919,16.3235,1.23607,2.08333
5.36927,16.3697,1.23607,2.08333
5.36927,16.3697,1.23607,2.08333
5.38416,16.4679,1.23607,2.08333
5.39904,16.566,1.23607,2.08333
5.41393,16.6642,1.23607,2.08333
5.42882,16.7623,1.23607,2.08333
5.56993,16.6691,1.23607,2.08333
5.56993,16.6691,1.23607,2.08333
5.51927,16.7609,1.23607,2.08333
5.51927,16.7609,1.23607,2.08333
5.50869,16.8447,1.23607,2.08333
5.49811,16.9284,1.23607,2.08333
5.48752,17.0122,1.23607,2.08333
5.48752,17.0122,1.23607,2.08333
5.46632,17.078,1.23607,2.08333
5.44512,17.1438,1.23607,2.08333
5.44512,17.1438,1.23607,2.08333
5.42618,17.151,1.23607,2.08333
5.11737,17.2872,1.23607,2.08333
5.11737,17.2872,1.23607,2.08333
5.09348,17.357,1.23607,2.08333
5.0696,17.4267,1.23607,2.08333
5.0696,17.4267,1.23607,2.08333
5.09269,17.4382,1.23607,2.08333
5.09269,17.4382,1.23607,2.08333
5.07757,17.5332,1.23607,2.08333
5.06245,17.6281,1.23607,2.08333
5.04732,17.7231,1.23607,2.08333
5.0322,17.818,1.23607,2.08333
5.0322,17.818,1.23607,2.08333
5.00599,17.8997,1.23607,2.08333
4.97978,17.9813,1.23607,2.08333
4.95357,18.0629,1.23607,2.08333
4.95357,18.0629,1.23607,2.08333
4.97502,18.0433,1.23607,2.08333
4.99647,18.0237,1.23607,2.08333
5.01792,18.0041,1.23607,2.08333
5.03936,17.9845,1.23607,2.08333
5.03936,17.9845,1.23607,2.08333
5.05644,18.0175,1.23607,2.08333
5.07352,18.0505,1.23607,2.08333
5.0906,18.0835,1.23607,2.08333
5.10768,18.1165,1.23607,2.08333
5.12475,18.1495,1.23607,2.08333
5.12475,18.1495,1.23607,2.08333
5.2184,18.1947,1.23607,2.08333
5.09778,18.2293,1.23607,2.08333
5.09778,18.2293,1.23607,2.08333
5.08362,18.3287,1.23607,2.08333
5.08362,18.3287,1.23607,2.08333
5.09319,18.4271,1.23607,2.08333
5.10275,18.5256,1.23607,2.08333
5.11232,18.6241,1.23607,2.08333
5.11232,18.6241,1.23607,2.08333
5.13312,18.629,1.23607,2.08333
5.15392,18.6339,1.23607,2.08333
5.17472,18.6387,1.23607,2.08333
5.19553,18.6436,1.23607,2.08333
5.21633,18.6485,1.23607,2.08333
5.21633,18.6485,1.23607,2.08333
5.26897,18.6803,1.23607,2.08333
5.3216,18.712,1.23607,2.08333
5.37424,18.7438,1.23607,2.08333
5.42688,18.7755,1.23607,2.08333
5.42688,18.7755,1.23607,2.08333
5.43708,18.8736,1.23607,2.08333
5.43708,18.8736,1.23607,2.08333
5.44503,18.9507,1.23607,2.08333
5.45298,19.0279,1.23607,2.08333
5.46093,19.105,1.23607,2.08333
5.46888,19.1822,1.23607,2.08333
5.47683,19.2593,1.23607,2.08333
5.47683,19.2593,1.23607,2.08333
5.4431,19.3019,1.23607,2.08333
5.40936,19.3444,1.23607,2.08333
5.37563,19.3869,1.23607,2.08333
5.34189,19.4295,1.23607,2.08333
5.30816,19.472,1.23607,2.08333
5.30816,19.472,1.23607,2.08333
5.28942,19.5052,1.23607,2.08333
5.27069,19.5383,1.23607,2.08333
5.27069,19.5383,1.23607,2.08333
5.35308,19.5582,1.23607,2.08333
5.35308,19.5582,1.23607,2.08333
5.42263,19.5994,1.23607,2.08333
5.42263,19.5994,1.23607,2.08333
5.42336,19.69,1.23607,2.08333
5.4241,19.7806,1.23607,2.08333
5.42483,19.8712,1.23607,2.08333
5.42557,19.9618,1.23607,2.08333
5.4263,20.0523,1.23607,2.08333
5.79514,19.8027,1.23607,2.08333
5.79514,19.8027,1.23607,2.08333
5.81364,19.8557,1.23607,2.08333
5.83214,19.9086,1.23607,2.08333
5.85064,19.9616,1.23607,2.08333
5.86914,20.0145,1.23607,2.08333
5.88764,20.0675,1.23607,2.08333
5.88764,20.0675,1.23607,2.08333
5.94429,20.0504,1.23607,2.08333
6.00095,20.0332,1.23607,2.08333
6.00095,20.0332,1.23607,2.08333
6.00832,20.1138,1.23607,2.08333
6.01569,20.1944,1.23607,2.08333
6.02306,20.2749,1.23607,2.08333
6.03044,20.3555,1.23607,2.08333
6.03781,20.436,1.23607,2.08333
6.03781,20.436,1.23607,2.08333
6.13217,20.5349,1.23607,2.08333
6.22654,20.6337,1.23607,2.08333
6.3209,20.7325,1.23607,2.08333
6.41527,20.8313,1.23607,2.08333
6.41527,20.8313,1.23607,2.08333
6.45808,20.8185,1.23607,2.08333
6.45808,20.8185,1.23607,2.08333
6.47463,20.9123,1.23607,2.08333
6.49119,21.0062,1.23607,2.08333
6.50774,21.1,1.23607,2.08333
6.50774,21.1,1.23607,2.08333
6.5986,21.1041,1.23607,2.08333
6.68946,21.1082,1.23607,2.08333
6.68946,21.1082,1.23607,2.08333
6.76129,21.1782,1.23607,2.08333
6.83311,21.2483,1.23607,2.08333
6.90494,21.3184,1.23607,2.08333
6.90494,21.3184,1.23607,2.08333
6.97472,21.2515,1.23607,2.08333
6.97472,21.2515,1.23607,2.08333
7.04172,21.3283,1.23607,2.08333
7.10872,21.4051,1.23607,2.08333
7.17572,21.4819,1.23607,2.08333
7.17572,21.4819,1.23607,2.08333
7.21141,21.4336,1.23607,2.08333
7.2471,21.3854,1.23607,2.08333
7.2471,21.3854,1.23607,2.08333
7.25245,21.4784,1.23607,2.08333
7.25781,21.5714,1.23607,2.08333
7.25781,21.5714,1.23607,2.08333
7.32204,21.6633,1.23607,2.08333
7.32204,21.6633,1.23607,2.08333
7.31519,21.725,1.23607,2.08333
7.30833,21.7867,1.23607,2.08333
7.30833,21.7867,1.23607,2.08333
7.33709,21.7496,1.23607,2.08333
7.33709,21.7496,1.23607,2.08333
7.38411,21.8289,1.23607,2.08333
7.43113,21.9082,1.23607,2.08333
7.43113,21.9082,1.23607,2.08333
7.52859,21.9959,1.23607,2.08333
7.52859,21.9959,1.23607,2.08333
7.56346,22.049,1.23607,2.08333
7.59834,22.1021,1.23607,2.08333
7.63322,22.1552,1.23607,2.08333
7.63322,22.1552,1.23607,2.08333
7.65198,22.1402,1.23607,2.08333
7.67075,22.1251,1.23607,2.08333
7.68952,22.11,1.23607,2.08333
7.70829,22.0949,1.23607,2.08333
7.70829,22.0949,1.23607,2.08333
7.73471,22.1752,1.23607,2.08333
7.76113,22.2554,1.23607,2.08333
7.76113,22.2554,1.23607,2.08333
7.85412,22.2079,1.23607,2.08333
7.94712,22.1605,1.23607,2.08333
8.04011,22.113,1.23607,2.08333
8.13311,22.0656,1.23607,2.08333
8.13311,22.0656,1.23607,2.08333
8.23021,22.0698,1.23607,2.08333
8.32732,22.0741,1.23607,2.08333
8.42442,22.0784,1.23607,2.08333
8.42442,22.0784,1.23607,2.08333
8.39402,22.1079,1.23607,2.08333
8.36362,22.1375,1.23607,2.08333
8.33323,22.167,1.23607,2.08333
8.30283,22.1965,1.23607,2.08333
8.30283,22.1965,1.23607,2.08333
8.27928,22.2929,1.23607,2.08333
8.25573,22.3893,1.23607,2.08333
8.23218,22.4856,1.23607,2.08333
8.20863,22.582,1.23607,2.08333
8.20863,22.582,1.23607,2.08333
8.26423,22.5591,1.23607,2.08333
8.31982,22.5361,1.23607,2.08333
8.31982,22.5361,1.23607,2.08333
8.35797,22.5269,1.23607,2.08333
8.39611,22.5177,1.23607,2.08333
8.43425,22.5084,1.23607,2.08333
8.47239,22.4992,1.23607,2.08333
8.47239,22.4992,1.23607,2.08333
8.55259,22.4737,1.23607,2.08333
8.55259,22.4737,1.23607,2.08333
8.60841,22.5196,1.23607,2.08333
8.66424,22.5655,1.23607,2.08333
8.72006,22.6114,1.23607,2.08333
8.77588,22.6573,1.23607,2.08333
8.8317,22.7032,1.23607,2.08333
8.8317,22.7032,1.23607,2.08333
8.84015,22.7049,1.23607,2.08333
8.8486,22.7067,1.23607,2.08333
8.85705,22.7085,1.23607,2.08333
8.8655,22.7103,1.23607,2.08333
8.8655,22.7103,1.23607,2.08333
8.93405,22.6316,1.23607,2.08333
8.93405,22.6316,1.23607,2.08333
8.91517,22.7141,1.23607,2.08333
8.91517,22.7141,1.23607,2.08333
8.93157,22.7243,1.23607,2.08333
8.94798,22.7345,1.23607,2.08333
8.96438,22.7447,1.23607,2.08333
8.98078,22.7549,1.23607,2.08333
8.98078,22.7549,1.23607,2.08333
9.03798,22.7989,1.23607,2.08333
9.09518,22.8429,1.23607,2.08333
9.09518,22.8429,1.23607,2.08333
9.13808,22.8469,1.23607,2.08333
9.18099,22.851,1.23607,2.08333
9.22389,22.855,1.23607,2.08333
9.2668,22.859,1.23607,2.08333
9.2668,22.859,1.23607,2.08333
9.33089,22.8176,1.23607,2.08333
9.39497,22.7762,1.23607,2.08333
9.45906,22.7347,1.23607,2.08333
9.52315,22.6933,1.23607,2.08333
9.58724,22.6519,1.23607,2.08333
9.58724,22.6519,1.23607,2.08333
9.65652,22.6278,1.23607,2.08333
9.72581,22.6038,1.23607,2.08333
9.79509,22.5797,1.23607,2.08333
9.79509,22.5797,1.23607,2.08333
9.87923,22.5126,1.23607,2.08333
9.96337,22.4456,1.23607,2.08333
10.0475,22.3785,1.23607,2.08333
10.1316,22.3115,1.23607,2.08333
10.1316,22.3115,1.23607,2.08333
10.1306,22.3073,1.23607,2.08333
10.1296,22.303,1.23607,2.08333
10.1285,22.2988,1.23607,2.08333
10.1275,22.2945,1.23607,2.08333
10.1275,22.2945,1.23607,2.08333
10.16,22.3494,1.23607,2.08333
10.16,22.3494,1.23607,2.08333
10.1926,22.3847,1.23607,2.08333
10.2252,22.42,1.23607,2.08333
10.2578,22.4553,1.23607,2.08333
10.2578,22.4553,1.23607,2.08333
10.3578,22.4612,1.23607,2.08333
10.3578,22.4612,1.23607,2.08333
10.4043,22.5499,1.23607,2.08333
10.4043,22.5499,1.23607,2.08333
10.3468,22.6398,1.23607,2.08333
10.2893,22.7297,1.23607,2.08333
10.2318,22.8196,1.23607,2.08333
10.2318,22.8196,1.23607,2.08333
10.2478,22.8399,1.23607,2.08333
10.2638,22.8602,1.23607,2.08333
10.2797,22.8804,1.23607,2.08333
10.2957,22.9007,1.23607,2.08333
10.3116,22.921,1.23607,2.08333
10.3116,22.921,1.23607,2.08333
10.337,22.9487,1.23607,2.08333
10.337,22.9487,1.23607,2.08333
10.4009,22.9041,1.23607,2.08333
10.4648,22.8595,1.23607,2.08333
10.5287,22.815,1.23607,2.08333
10.5926,22.7704,1.23607,2.08333
10.5926,22.7704,1.23607,2.08333
10.6627,22.7962,1.23607,2.08333
10.7329,22.822,1.23607,2.08333
10.8031,22.8479,1.23607,2.08333
10.8733,22.8737,1.23607,2.08333
10.8733,22.8737,1.23607,2.08333
10.9608,22.8542,1.23607,2.08333
11.0483,22.8347,1.23607,2.08333
11.1358,22.8153,1.23607,2.08333
11.2233,22.7958,1.23607,2.08333
11.2233,22.7958,1.23607,2.08333
11.2959,22.8541,1.23607,2.08333
11.3684,22.9124,1.23607,2.08333
11.3684,22.9124,1.23607,2.08333
11.4464,22.9801,1.23607,2.08333
11.4464,22.9801,1.23607,2.08333
11.5204,22.9468,1.23607,2.08333
11.5944,22.9135,1.23607,2.08333
11.6684,22.8801,1.23607,2.08333
11.7425,22.8468,1.23607,2.08333
11.8165,22.8135,1.23607,2.08333
11.8165,22.8135,1.23607,2.08333
11.9008,22.8307,1.23607,2.08333
11.9851,22.848,1.23607,2.08333
12.0695,22.8652,1.23607,2.08333
12.0695,22.8652,1.23607,2.08333
12.14,22.8659,1.23607,2.08333
12.2105,22.8666,1.23607,2.08333
12.281,22.8673,1.23607,2.08333
12.3516,22.868,1.23607,2.08333
12.4221,22.8687,1.23607,2.08333
12.4221,22.8687,1.23607,2.08333
12.4798,22.9212,1.23607,2.08333
12.5375,22.9738,1.23607,2.08333
12.5952,23.0264,1.23607,2.08333
12.653,23.079,1.23607,2.08333
12.653,23.079,1.23607,2.08333
12.7064,23.0995,1.23607,2.08333
12.7598,23.1201,1.23607,2.08333
12.8132,23.1407,1.23607,2.08333
12.8132,23.1407,1.23607,2.08333
12.8995,23.1187,1.23607,2.08333
12.9857,23.0966,1.23607,2.08333
13.0719,23.0746,1.23607,2.08333
13.1581,23.0526,1.23607,2.08333
13.2443,23.0305,1.23607,2.08333
13.2443,23.0305,1.23607,2.08333
13.3062,22.9362,1.23607,2.08333
13.3681,22.8419,1.23607,2.08333
13.4299,22.7476,1.23607,2.08333
13.4918,22.6533,1.23607,2.08333
13.4918,22.6533,1.23607,2.08333
13.5429,22.5752,1.23607,2.08333
13.5941,22.4972,1.23607,2.08333
13.6453,22.4191,1.23607,2.08333
13.6965,22.3411,1.23607,2.08333
13.7476,22.263,1.23607,2.08333
13.7476,22.263,1.23607,2.08333
13.8264,22.2434,1.23607,2.08333
13.9052,22.2237,1.23607,2.08333
13.984,22.204,1.23607,2.08333
14.0628,22.1844,1.23607,2.08333
14.0628,22.1844,1.23607,2.08333
14.0742,22.2087,1.23607,2.08333
14.0855,22.233,1.23607,2.08333
14.0969,22.2574,1.23607,2.08333
14.0969,22.2574,1.23607,2.08333
14.1165,22.325,1.23607,2.08333
14.1361,22.3926,1.23607,2.08333
14.1557,22.4602,1.23607,2.08333
14.1753,22.5279,1.23607,2.08333
14.1949,22.5955,1.23607,2.08333
14.1949,22.5955,1.23607,2.08333
14.2244,22.5182,1.23607,2.08333
14.2538,22.441,1.23607,2.08333
14.2833,22.3637,1.23607,2.08333
14.3127,22.2865,1.23607,2.08333
14.3127,22.2865,1.23607,2.08333
14.3925,22.3794,1.23607,2.08333
14.4723,22.4723,1.23607,2.08333
14.4723,22.4723,1.23607,2.08333
14.5634,22.572,1.23607,2.08333
14.6545,22.6716,1.23607,2.08333
14.7456,22.7713,1.23607,2.08333
14.8367,22.8709,1.23607,2.08333
14.9278,22.9706,1.23607,2.08333
14.9278,22.9706,1.23607,2.08333
14.9558,22.9808,1.23607,2.08333
14.9838,22.9909,1.23607,2.08333
15.0118,23.0011,1.23607,2.08333
15.0398,23.0113,1.23607,2.08333
15.0398,23.0113,1.23607,2.08333
15.0625,23.0828,1.23607,2.08333
15.0852,23.1543,1.23607,2.08333
15.1079,23.2259,1.23607,2.08333
15.1306,23.2974,1.23607,2.08333
15.1533,23.3689,1.23607,2.08333
15.1533,23.3689,1.23607,2.08333
15.1818,23.4108,1.23607,2.08333
15.1818,23.4108,1.23607,2.08333
15.238,23.4178,1.23607,2.08333
15.2942,23.4249,1.23607,2.08333
15.3504,23.4319,1.23607,2.08333
15.4066,23.4389,1.23607,2.08333
15.4628,23.446,1.23607,2.08333
15.4628,23.446,1.23607,2.08333
15.4737,23.4751,1.23607,2.08333
15.4846,23.5042,1.23607,2.08333
15.4954,23.5333,1.23607,2.08333
15.5063,23.5624,1.23607,2.08333
15.5063,23.5624,1.23607,2.08333
15.5644,23.576,1.23607,2.08333
15.6225,23.5895,1.23607,2.08333
15.6225,23.5895,1.23607,2.08333
15.6478,23.53,1.23607,2.08333
15.6478,23.53,1.23607,2.08333
15.7252,23.4871,1.23607,2.08333
15.8027,23.4441,1.23607,2.08333
15.8027,23.4441,1.23607,2.08333
15.8727,23.4539,1.23607,2.08333
15.8727,23.4539,1.23607,2.08333
15.9599,23.4736,1.23607,2.08333
16.0471,23.4934,1.23607,2.08333
16.1342,23.5131,1.23607,2.08333
16.2214,23.5329,1.23607,2.08333
16.2214,23.5329,1.23607,2.08333
16.2063,23.6115,1.23607,2.08333
16.1912,23.6901,1.23607,2.08333
16.1761,23.7688,1.23607,2.08333
16.161,23.8474,1.23607,2.08333
16.1459,23.926,1.23607,2.08333
16.1459,23.926,1.23607,2.08333
16.2247,23.8844,1.23607,2.08333
16.3035,23.8428,1.23607,2.08333
16.3035,23.8428,1.23607,2.08333
16.3638,23.7876,1.23607,2.08333
16.4241,23.7325,1.23607,2.08333
16.4844,23.6773,1.23607,2.08333
16.4844,23.6773,1.23607,2.08333
16.4946,23.727,1.23607,2.08333
16.4946,23.727,1.23607,2.08333
16.4391,23.8115,1.23607,2.08333
16.4391,23.8115,1.23607,2.08333
16.4136,23.9015,1.23607,2.08333
16.4136,23.9015,1.23607,2.08333
16.4772,23.8412,1.23607,2.08333
16.5407,23.781,1.23607,2.08333
16.6043,23.7208,1.23607,2.08333
16.6043,23.7208,1.23607,2.08333
16.6366,23.8168,1.23607,2.08333
16.6688,23.9127,1.23607,2.08333
16.6688,23.9127,1.23607,2.08333
16.75,23.8234,1.23607,2.08333
16.8311,23.7341,1.23607,2.08333
16.8311,23.7341,1.23607,2.08333
16.8628,23.7962,1.23607,2.08333
16.8945,23.8583,1.23607,2.08333
16.9262,23.9204,1.23607,2.08333
16.9579,23.9825,1.23607,2.08333
16.9579,23.9825,1.23607,2.08333
16.9744,24.0593,1.23607,2.08333
16.9744,24.0593,1.23607,2.08333
17.0396,23.9927,1.23607,2.08333
17.1048,23.9261,1.23607,2.08333
17.1699,23.8595,1.23607,2.08333
17.1699,23.8595,1.23607,2.08333
17.2608,23.842,1.23607,2.08333
17.3517,23.8244,1.23607,2.08333
17.4425,23.8069,1.23607,2.08333
17.5334,23.7894,1.23607,2.08333
17.5334,23.7894,1.23607,2.08333
17.5659,23.8182,1.23607,2.08333
17.5659,23.8182,1.23607,2.08333
17.6598,23.8803,1.23607,2.08333
17.7538,23.9424,1.23607,2.08333
17.7538,23.9424,1.23607,2.08333
17.8397,23.9746,1.23607,2.08333
17.9256,24.0068,1.23607,2.08333
17.9256,24.0068,1.23607,2.08333
17.9394,24.0515,1.23607,2.08333
17.9532,24.0963,1.23607,2.08333
17.967,24.141,1.23607,2.08333
17.967,24.141,1.23607,2.08333
18.0039,24.1857,1.23607,2.08333
18.0408,24.2304,1.23607,2.08333
18.0408,24.2304,1.23607,2.08333
18.139,24.2852,1.23607,2.08333
18.2372,24.34,1.23607,2.08333
18.3353,24.3948,1.23607,2.08333
18.4335,24.4496,1.23607,2.08333
18.4335,24.4496,1.23607,2.08333
18.43,24.437,1.23607,2.08333
18.43,24.437,1.23607,2.08333
18.4708,24.3736,1.23607,2.08333
18.5116,24.3101,1.23607,2.08333
18.5116,24.3101,1.23607,2.08333
18.5754,24.3353,1.23607,2.08333
18.6391,24.3605,1.23607,2.08333
18.7029,24.3856,1.23607,2.08333
18.7667,24.4108,1.23607,2.08333
18.7667,24.4108,1.23607,2.08333
18.7109,24.3634,1.23607,2.08333
18.655,24.316,1.23607,2.08333
18.5992,24.2686,1.23607,2.08333
18.5433,24.2212,1.23607,2.08333
18.4875,24.1739,1.23607,2.08333
18.4875,24.1739,1.23607,2.08333
18.5163,24.0897,1.23607,2.08333
18.545,24.0056,1.23607,2.08333
18.5738,23.9215,1.23607,2.08333
18.5738,23.9215,1.23607,2.08333
18.6303,23.8906,1.23607,2.08333
18.6868,23.8596,1.23607,2.08333
18.7433,23.8287,1.23607,2.08333
18.7998,23.7977,1.23607,2.08333
18.8563,23.7668,1.23607,2.08333
18.8563,23.7668,1.23607,2.08333
18.8854,23.6825,1.23607,2.08333
18.9145,23.5982,1.23607,2.08333
18.9435,23.514,1.23607,2.08333
18.9726,23.4297,1.23607,2.08333
18.9726,23.4297,1.23607,2.08333
19.0523,23.5005,1.23607,2.08333
19.1319,23.5713,1.23607,2.08333
19.1319,23.5713,1.23607,2.08333
19.2023,23.637,1.23607,2.08333
19.2727,23.7028,1.23607,2.08333
19.3431,23.7685,1.23607,2.08333
19.4135,23.8343,1.23607,2.08333
19.4839,23.9,1.23607,2.08333
19.4839,23.9,1.23607,2.08333
19.5215,23.8408,1.23607,2.08333
19.5591,23.7817,1.23607,2.08333
19.5968,23.7225,1.23607,2.08333
19.5968,23.7225,1.23607,2.08333
19.6184,23.6496,1.23607,2.08333
19.64,23.5767,1.23607,2.08333
19.6616,23.5038,1.23607,2.08333
19.6616,23.5038,1.23607,2.08333
19.7253,23.5273,1.23607,2.08333
19.789,23.5508,1.23607,2.08333
19.8526,23.5743,1.23607,2.08333
19.9163,23.5978,1.23607,2.08333
19.9163,23.5978,1.23607,2.08333
19.979,23.6673,1.23607,2.08333
20.0418,23.7369,1.23607,2.08333
20.0418,23.7369,1.23607,2.08333
20.1337,23.6707,1.23607,2.08333
20.2256,23.6046,1.23607,2.08333
20.3176,23.5384,1.23607,2.08333
20.4095,23.4722,1.23607,2.08333
20.4095,23.4722,1.23607,2.08333
20.4737,23.4241,1.23607,2.08333
20.5379,23.376,1.23607,2.08333
20.6022,23.3279,1.23607,2.08333
20.6664,23.2798,1.23607,2.08333
20.7306,23.2318,1.23607,2.08333
20.7306,23.2318,1.23607,2.08333
20.821,23.2661,1.23607,2.08333
20.9114,23.3004,1.23607,2.08333
21.0018,23.3348,1.23607,2.08333
21.0922,23.3691,1.23607,2.08333
21.0922,23.3691,1.23607,2.08333
21.0565,23.4585,1.23607,2.08333
21.0207,23.5478,1.23607,2.08333
20.985,23.6371,1.23607,2.08333
20.9493,23.7265,1.23607,2.08333
20.9493,23.7265,1.23607,2.08333
21.0409,23.6271,1.23607,2.08333
21.1326,23.5277,1.23607,2.08333
21.2242,23.4283,1.23607,2.08333
21.3159,23.3289,1.23607,2.08333
21.4075,23.2295,1.23607,2.08333
21.4075,23.2295,1.23607,2.08333
21.4598,23.1623,1.23607,2.08333
21.5121,23.0951,1.23607,2.08333
21.5643,23.0278,1.23607,2.08333
21.6166,22.9606,1.23607,2.08333
21.6166,22.9606,1.23607,2.08333
21.7084,22.8731,1.23607,2.08333
21.8003,22.7856,1.23607,2.08333
21.8003,22.7856,1.23607,2.08333
21.8934,22.8053,1.23607,2.08333
21.9865,22.8251,1.23607,2.08333
22.0796,22.8448,1.23607,2.08333
22.1727,22.8645,1.23607,2.08333
22.2657,22.8843,1.23607,2.08333
22.2657,22.8843,1.23607,2.08333
22.3193,22.7889,1.23607,2.08333
22.3729,22.6934,1.23607,2.08333
22.4264,22.598,1.23607,2.08333
22.48,22.5026,1.23607,2.08333
22.48,22.5026,1.23607,2.08333
22.4852,22.5215,1.23607,2.08333
22.4904,22.5405,1.23607,2.08333
22.4955,22.5594,1.23607,2.08333
22.4955,22.5594,1.23607,2.08333
22.5716,22.597,1.23607,2.08333
22.6477,22.6346,1.23607,2.08333
22.7238,22.6723,1.23607,2.08333
22.7998,22.7099,1.23607,2.08333
22.7998,22.7099,1.23607,2.08333
22.8317,22.7794,1.23607,2.08333
22.8317,22.7794,1.23607,2.08333
22.8415,22.8215,1.23607,2.08333
22.8513,22.8637,1.23607,2.08333
22.8513,22.8637,1.23607,2.08333
22.9293,22.9459,1.23607,2.08333
23.0073,23.0282,1.23607,2.08333
23.0852,23.1105,1.23607,2.08333
23.1632,23.1927,1.23607,2.08333
23.1632,23.1927,1.23607,2.08333
23.2152,23.2885,1.23607,2.08333
23.2672,23.3843,1.23607,2.08333
23.3193,23.4801,1.23607,2.08333
23.3713,23.5759,1.23607,2.08333
23.3713,23.5759,1.23607,2.08333
23.459,23.5967,1.23607,2.08333
23.5468,23.6175,1.23607,2.08333
23.6345,23.6383,1.23607,2.08333
23.7222,23.6591,1.23607,2.08333
23.81,23.6799,1.23607,2.08333
23.81,23.6799,1.23607,2.08333
23.8637,23.5894,1.23607,2.08333
23.9175,23.4988,1.23607,2.08333
23.9175,23.4988,1.23607,2.08333
23.9898,23.5315,1.23607,2.08333
24.0621,23.5641,1.23607,2.08333
24.1344,23.5968,1.23607,2.08333
24.2068,23.6295,1.23607,2.08333
24.2068,23.6295,1.23607,2.08333
24.1691,23.7219,1.23607,2.08333
24.1314,23.8143,1.23607,2.08333
24.0937,23.9068,1.23607,2.08333
24.0937,23.9068,1.23607,2.08333
24.15,23.8567,1.23607,2.08333
24.2063,23.8067,1.23607,2.08333
24.2063,23.8067,1.23607,2.08333
24.2929,23.9004,1.23607,2.08333
24.3796,23.9941,1.23607,2.08333
24.4662,24.0877,1.23607,2.08333
24.5529,24.1814,1.23607,2.08333
24.5529,24.1814,1.23607,2.08333
24.5903,24.1332,1.23607,2.08333
24.6277,24.085,1.23607,2.08333
24.6277,24.085,1.23607,2.08333
24.6967,24.16,1.23607,2.08333
24.7656,24.2349,1.23607,2.08333
24.7656,24.2349,1.23607,2.08333
24.838,24.2431,1.23607,2.08333
24.838,24.2431,1.23607,2.08333
24.858,24.3339,1.23607,2.08333
24.878,24.4247,1.23607,2.08333
24.898,24.5156,1.23607,2.08333
24.9181,24.6064,1.23607,2.08333
24.9381,24.6972,1.23607,2.08333
24.9381,24.6972,1.23607,2.08333
24.9849,24.6966,1.23607,2.08333
25.0317,24.696,1.23607,2.08333
25.0785,24.6954,1.23607,2.08333
25.0785,24.6954,1.23607,2.08333
25.0503,24.7305,1.23607,2.08333
25.0222,24.7656,1.23607,2.08333
24.994,24.8008,1.23607,2.08333
24.994,24.8008,1.23607,2.08333
25.0339,24.818,1.23607,2.08333
25.0738,24.8352,1.23607,2.08333
25.0738,24.8352,1.23607,2.08333
25.1241,24.7555,1.23607,2.08333
25.1744,24.6758,1.23607,2.08333
25.2247,24.5961,1.23607,2.08333
25.2247,24.5961,1.23607,2.08333
25.317,24.6525,1.23607,2.08333
25.4093,24.7089,1.23607,2.08333
25.5015,24.7654,1.23607,2.08333
25.5938,24.8218,1.23607,2.08333
25.5938,24.8218,1.23607,2.08333
25.5206,24.8314,1.23607,2.08333
25.4473,24.841,1.23607,2.08333
25.4473,24.841,1.23607,2.08333
25.4668,24.9373,1.23607,2.08333
25.4668,24.9373,1.23607,2.08333
25.5404,24.9473,1.23607,2.08333
25.6141,24.9573,1.23607,2.08333
25.6877,24.9673,1.23607,2.08333
25.7613,24.9772,1.23607,2.08333
25.7613,24.9772,1.23607,2.08333
25.804,24.8776,1.23607,2.08333
25.8467,24.7779,1.23607,2.08333
25.8467,24.7779,1.23607,2.08333
25.8503,24.7248,1.23607,2.08333
25.8503,24.7248,1.23607,2.08333
25.9358,24.7395,1.23607,2.08333
26.0214,24.7542,1.23607,2.08333
26.1069,24.7688,1.23607,2.08333
26.1925,24.7835,1.23607,2.08333
26.1925,24.7835,1.23607,2.08333
26.2702,24.7835,1.23607,2.08333
26.3479,24.7834,1.23607,2.08333
26.4256,24.7834,1.23607,2.08333
26.5033,24.7833,1.23607,2.08333
26.581,24.7833,1.23607,2.08333
26.581,24.7833,1.23607,2.08333
26.5534,24.8255,1.23607,2.08333
26.5257,24.8676,1.23607,2.08333
26.4981,24.9098,1.23607,2.08333
26.4704,24.9519,1.23607,2.08333
26.8487,24.7328,1.23607,2.08333
26.8487,24.7328,1.23607,2.08333
26.9191,24.6529,1.23607,2.08333
26.9894,24.5729,1.23607,2.08333
27.0597,24.4929,1.23607,2.08333
27.1301,24.4129,1.23607,2.08333
27.1301,24.4129,1.23607,2.08333
27.1598,24.4227,1.23607,2.08333
27.1598,24.4227,1.23607,2.08333
27.1488,24.4739,1.23607,2.08333
27.1378,24.5251,1.23607,2.08333
27.1268,24.5763,1.23607,2.08333
27.1158,24.6275,1.23607,2.08333
27.1158,24.6275,1.23607,2.08333
27.2014,24.6202,1.23607,2.08333
27.2869,24.613,1.23607,2.08333
27.3724,24.6057,1.23607,2.08333
27.458,24.5985,1.23607,2.08333
27.458,24.5985,1.23607,2.08333
27.5133,24.6646,1.23607,2.08333
27.5687,24.7308,1.23607,2.08333
27.5687,24.7308,1.23607,2.08333
27.6583,24.7004,1.23607,2.08333
27.6583,24.7004,1.23607,2.08333
27.7328,24.7544,1.23607,2.08333
27.8073,24.8083,1.23607,2.08333
27.8818,24.8622,1.23607,2.08333
27.9563,24.9161,1.23607,2.08333
28.0308,24.9701,1.23607,2.08333
28.3748,25.1614,1.23607,2.08333
28.3748,25.1614,1.23607,2.08333
28.3774,25.1897,1.23607,2.08333
28.38,25.218,1.23607,2.08333
28.3827,25.2463,1.23607,2.08333
28.3853,25.2746,1.23607,2.08333
28.3853,25.2746,1.23607,2.08333
28.4507,25.2556,1.23607,2.08333
28.516,25.2366,1.23607,2.08333
28.5814,25.2176,1.23607,2.08333
28.6468,25.1986,1.23607,2.08333
28.6468,25.1986,1.23607,2.08333
28.6908,25.1454,1.23607,2.08333
28.6908,25.1454,1.23607,2.08333
28.7147,25.1401,1.23607,2.08333
28.7386,25.1348,1.23607,2.08333
28.7625,25.1294,1.23607,2.08333
28.7864,25.1241,1.23607,2.08333
28.7864,25.1241,1.23607,2.08333
28.7774,25.1485,1.23607,2.08333
28.7685,25.1728,1.23607,2.08333
28.7596,25.1972,1.23607,2.08333
28.7507,25.2216,1.23607,2.08333
28.7418,25.246,1.23607,2.08333
28.7418,25.246,1.23607,2.08333
28.8219,25.2617,1.23607,2.08333
28.9021,25.2775,1.23607,2.08333
28.9822,25.2932,1.23607,2.08333
29.0624,25.309,1.23607,2.08333
29.1425,25.3247,1.23607,2.08333
29.1425,25.3247,1.23607,2.08333
29.1997,25.2971,1.23607,2.08333
29.2569,25.2694,1.23607,2.08333
29.3141,25.2417,1.23607,2.08333
29.3141,25.2417,1.23607,2.08333
29.3499,25.1723,1.23607,2.08333
29.3857,25.1028,1.23607,2.08333
29.4215,25.0334,1.23607,2.08333
29.4573,24.9639,1.23607,2.08333
29.4931,24.8945,1.23607,2.08333
29.4931,24.8945,1.23607,2.08333
29.578,24.836,1.23607,2.08333
29.6628,24.7776,1.23607,2.08333
29.7476,24.7192,1.23607,2.08333
29.8325,24.6608,1.23607,2.08333
29.8325,24.6608,1.23607,2.08333
29.9315,24.6134,1.23607,2.08333
29.9315,24.6134,1.23607,2.08333
30.0043,24.6578,1.23607,2.08333
30.0771,24.7021,1.23607,2.08333
30.0771,24.7021,1.23607,2.08333
30.1595,24.7596,1.23607,2.08333
30.2418,24.8171,1.23607,2.08333
30.2418,24.8171,1.23607,2.08333
30.2481,24.8534,1.23607,2.08333
30.2545,24.8896,1.23607,2.08333
30.2608,24.9259,1.23607,2.08333
30.2672,24.9621,1.23607,2.08333
30.2672,24.9621,1.23607,2.08333
30.2765,24.96,1.23607,2.08333
30.2859,24.9579,1.23607,2.08333
30.2952,24.9558,1.23607,2.08333
30.2952,24.9558,1.23607,2.08333
30.393,24.9745,1.23607,2.08333
30.4907,24.9933,1.23607,2.08333
30.5884,25.012,1.23607,2.08333
31.0216,24.8902,1.23607,2.08333
31.0216,24.8902,1.23607,2.08333
31.0072,24.917,1.23607,2.08333
30.9927,24.9438,1.23607,2.08333
30.9782,24.9706,1.23607,2.08333
30.9638,24.9974,1.23607,2.08333
30.9493,25.0242,1.23607,2.08333
30.9493,25.0242,1.23607,2.08333
31.0073,25.01,1.23607,2.08333
31.0652,24.9959,1.23607,2.08333
31.1232,24.9817,1.23607,2.08333
31.1811,24.9675,1.23607,2.08333
31.2391,24.9534,1.23607,2.08333
31.2391,24.9534,1.23607,2.08333
31.27,24.8963,1.23607,2.08333
31.3009,24.8393,1.23607,2.08333
31.3177,24.9554,1.23607,2.08333
31.3177,24.9554,1.23607,2.08333
31.3585,24.9578,1.23607,2.08333
31.3992,24.9602,1.23607,2.08333
31.4399,24.9626,1.23607,2.08333
31.4806,24.965,1.23607,2.08333
31.5214,24.9674,1.23607,2.08333
31.5214,24.9674,1.23607,2.08333
31.5956,24.9905,1.23607,2.08333
31.6698,25.0137,1.23607,2.08333
31.744,25.0369,1.23607,2.08333
31.8182,25.06,1.23607,2.08333
31.8182,25.06,1.23607,2.08333
31.9066,25.0999,1.23607,2.08333
31.995,25.1398,1.23607,2.08333
31.995,25.1398,1.23607,2.08333
32.0747,25.123,1.23607,2.08333
32.1545,25.1062,1.23607,2.08333
32.2342,25.0894,1.23607,2.08333
32.314,25.0726,1.23607,2.08333
32.314,25.0726,1.23607,2.08333
32.3376,25.0586,1.23607,2.08333
32.3613,25.0446,1.23607,2.08333
32.3613,25.0446,1.23607,2.08333
32.4571,25.006,1.23607,2.08333
32.5528,24.9674,1.23607,2.08333
32.6485,24.9288,1.23607,2.08333
32.7443,24.8902,1.23607,2.08333
32.7443,24.8902,1.23607,2.08333
32.839,24.8707,1.23607,2.08333
32.9338,24.8512,1.23607,2.08333
33.0285,24.8318,1.23607,2.08333
33.0285,24.8318,1.23607,2.08333
33.0908,24.799,1.23607,2.08333
33.1531,24.7663,1.23607,2.08333
33.2153,24.7335,1.23607,2.08333
33.2153,24.7335,1.23607,2.08333
33.2929,24.6694,1.23607,2.08333
33.3704,24.6054,1.23607,2.08333
33.4479,24.5413,1.23607,2.08333
33.5254,24.4772,1.23607,2.08333
33.5254,24.4772,1.23607,2.08333
33.566,24.4577,1.23607,2.08333
33.6066,24.4383,1.23607,2.08333
33.6472,24.4188,1.23607,2.08333
33.6472,24.4188,1.23607,2.08333
33.7165,24.4671,1.23607,2.08333
33.7858,24.5153,1.23607,2.08333
33.8552,24.5636,1.23607,2.08333
33.9245,24.6119,1.23607,2.08333
33.9939,24.6601,1.23607,2.08333
33.9939,24.6601,1.23607,2.08333
34.0586,24.6641,1.23607,2.08333
34.1234,24.6681,1.23607,2.08333
34.1234,24.6681,1.23607,2.08333
34.1054,24.7128,1.23607,2.08333
34.0875,24.7574,1.23607,2.08333
34.0695,24.8021,1.23607,2.08333
34.0516,24.8467,1.23607,2.08333
34.0336,24.8914,1.23607,2.08333
34.0336,24.8914,1.23607,2.08333
34.0345,24.9109,1.23607,2.08333
34.0353,24.9305,1.23607,2.08333
34.0362,24.9501,1.23607,2.08333
34.5072,25.1917,1.23607,2.08333
34.5072,25.1917,1.23607,2.08333
34.5417,25.2004,1.23607,2.08333
34.5417,25.2004,1.23607,2.08333
34.595,25.2359,1.23607,2.08333
34.6483,25.2714,1.23607,2.08333
34.7016,25.3069,1.23607,2.08333
34.7016,25.3069,1.23607,2.08333
34.7952,25.3172,1.23607,2.08333
34.8888,25.3275,1.23607,2.08333
34.8888,25.3275,1.23607,2.08333
34.9227,25.273,1.23607,2.08333
34.9227,25.273,1.23607,2.08333
34.9783,25.2966,1.23607,2.08333
35.0338,25.3203,1.23607,2.08333
35.0894,25.3439,1.23607,2.08333
35.1449,25.3675,1.23607,2.08333
35.1449,25.3675,1.23607,2.08333
35.1621,25.3853,1.23607,2.08333
35.1621,25.3853,1.23607,2.08333
35.1701,25.3847,1.23607,2.08333
35.1701,25.3847,1.23607,2.08333
35.1761,25.3982,1.23607,2.08333
35.1821,25.4116,1.23607,2.08333
35.1882,25.4251,1.23607,2.08333
35.1942,25.4385,1.23607,2.08333
35.1942,25.4385,1.23607,2.08333
35.2826,25.4337,1.23607,2.08333
35.371,25.429,1.23607,2.08333
35.4594,25.4242,1.23607,2.08333
35.4594,25.4242,1.23607,2.08333
35.5589,25.391,1.23607,2.08333
35.6584,25.3579,1.23607,2.08333
35.7579,25.3248,1.23607,2.08333
35.7579,25.3248,1.23607,2.08333
35.8104,25.2968,1.23607,2.08333
35.8628,25.2687,1.23607,2.08333
35.8628,25.2687,1.23607,2.08333
35.9282,25.2501,1.23607,2.08333
35.9282,25.2501,1.23607,2.08333
35.9358,25.2544,1.23607,2.08333
35.9433,25.2586,1.23607,2.08333
35.9509,25.2629,1.23607,2.08333
35.9509,25.2629,1.23607,2.08333
36.0189,25.1781,1.23607,2.08333
36.0869,25.0934,1.23607,2.08333
36.1549,25.0086,1.23607,2.08333
36.2229,24.9238,1.23607,2.08333
36.291,24.8391,1.23607,2.08333
36.2523,24.9556,1.23607,2.08333
36.2523,24.9556,1.23607,2.08333
36.2622,24.9058,1.23607,2.08333
36.2721,24.856,1.23607,2.08333
36.2819,24.8062,1.23607,2.08333
36.2918,24.7564,1.23607,2.08333
36.3017,24.7067,1.23607,2.08333
36.4909,24.8339,1.23607,2.08333
36.4909,24.8339,1.23607,2.08333
36.5591,24.8247,1.23607,2.08333
36.6274,24.8156,1.23607,2.08333
36.6957,24.8065,1.23607,2.08333
36.6957,24.8065,1.23607,2.08333
36.7578,24.8225,1.23607,2.08333
36.7578,24.8225,1.23607,2.08333
36.8467,24.7835,1.23607,2.08333
36.8467,24.7835,1.23607,2.08333
36.8498,24.8156,1.23607,2.08333
36.8529,24.8477,1.23607,2.08333
36.8561,24.8798,1.23607,2.08333
36.8592,24.912,1.23607,2.08333
36.8623,24.9441,1.23607,2.08333
36.8623,24.9441,1.23607,2.08333
36.8284,24.9911,1.23607,2.08333
36.8284,24.9911,1.23607,2.08333
36.8861,25.0101,1.23607,2.08333
36.9437,25.0291,1.23607,2.08333
36.9437,25.0291,1.23607,2.08333
37.0183,25.0433,1.23607,2.08333
37.0928,25.0575,1.23607,2.08333
37.1674,25.0717,1.23607,2.08333
37.2419,25.0859,1.23607,2.08333
37.2419,25.0859,1.23607,2.08333
37.2625,25.1064,1.23607,2.08333
37.283,25.127,1.23607,2.08333
37.3035,25.1475,1.23607,2.08333
37.3035,25.1475,1.23607,2.08333
37.3878,25.1352,1.23607,2.08333
37.4721,25.1229,1.23607,2.08333
37.5564,25.1106,1.23607,2.08333
37.6407,25.0984,1.23607,2.08333
37.6407,25.0984,1.23607,2.08333
37.7369,25.0447,1.23607,2.08333
37.7369,25.0447,1.23607,2.08333
37.7582,25.0528,1.23607,2.08333
37.7795,25.0609,1.23607,2.08333
37.7795,25.0609,1.23607,2.08333
37.8643,25.0569,1.23607,2.08333
37.9492,25.053,1.23607,2.08333
38.034,25.0491,1.23607,2.08333
38.1188,25.0452,1.23607,2.08333
38.1188,25.0452,1.23607,2.08333
38.1788,25.0882,1.23607,2.08333
38.2389,25.1312,1.23607,2.08333
38.2989,25.1742,1.23607,2.08333
38.2989,25.1742,1.23607,2.08333
38.3347,25.2,1.23607,2.08333
38.3705,25.2258,1.23607,2.08333
38.4063,25.2515,1.23607,2.08333
38.4063,25.2515,1.23607,2.08333
38.475,25.1723,1.23607,2.08333
38.5437,25.0931,1.23607,2.08333
38.6124,25.0138,1.23607,2.08333
38.6811,24.9346,1.23607,2.08333
38.7499,24.8553,1.23607,2.08333
38.7499,24.8553,1.23607,2.08333
38.8398,24.8017,1.23607,2.08333
38.9296,24.7481,1.23607,2.08333
39.0195,24.6944,1.23607,2.08333
39.1094,24.6408,1.23607,2.08333
39.1094,24.6408,1.23607,2.08333
39.12,24.6969,1.23607,2.08333
39.1305,24.753,1.23607,2.08333
39.141,24.8091,1.23607,2.08333
39.141,24.8091,1.23607,2.08333
39.1932,24.8461,1.23607,2.08333
39.1932,24.8461,1.23607,2.08333
39.1839,24.865,1.23607,2.08333
39.1745,24.8839,1.23607,2.08333
39.1652,24.9028,1.23607,2.08333
39.1558,24.9218,1.23607,2.08333
39.1558,24.9218,1.23607,2.08333
39.2531,24.9646,1.23607,2.08333
39.3503,25.0075,1.23607,2.08333
39.4475,25.0504,1.23607,2.08333
39.5448,25.0932,1.23607,2.08333
39.642,25.1361,1.23607,2.08333
39.642,25.1361,1.23607,2.08333
39.6478,25.1563,1.23607,2.08333
39.6535,25.1766,1.23607,2.08333
39.6593,25.1968,1.23607,2.08333
39.665,25.2171,1.23607,2.08333
39.665,25.2171,1.23607,2.08333
39.7619,25.1935,1.23607,2.08333
39.7619,25.1935,1.23607,2.08333
39.778,25.2207,1.23607,2.08333
39.7942,25.2479,1.23607,2.08333
39.8103,25.2751,1.23607,2.08333
39.8103,25.2751,1.23607,2.08333
39.8896,25.2948,1.23607,2.08333
39.8896,25.2948,1.23607,2.08333
39.8084,25.3259,1.23607,2.08333
39.7271,25.3569,1.23607,2.08333
39.6458,25.3879,1.23607,2.08333
39.6458,25.3879,1.23607,2.08333
39.667,25.4122,1.23607,2.08333
39.6882,25.4365,1.23607,2.08333
39.7094,25.4608,1.23607,2.08333
39.7306,25.485,1.23607,2.08333
39.7519,25.5093,1.23607,2.08333
39.7519,25.5093,1.23607,2.08333
39.775,25.5184,1.23607,2.08333
39.8405,25.617,1.23607,2.08333
39.8405,25.617,1.23607,2.08333
39.9107,25.5989,1.23607,2.08333
39.981,25.5808,1.23607,2.08333
39.981,25.5808,1.23607,2.08333
40.0375,25.5331,1.23607,2.08333
40.0941,25.4855,1.23607,2.08333
40.1506,25.4378,1.23607,2.08333
40.1506,25.4378,1.23607,2.08333
40.1983,25.4084,1.23607,2.08333
40.246,25.3791,1.23607,2.08333
40.2937,25.3498,1.23607,2.08333
40.2937,25.3498,1.23607,2.08333
40.3818,25.3612,1.23607,2.08333
40.4699,25.3726,1.23607,2.08333
40.4699,25.3726,1.23607,2.08333
40.546,25.3787,1.23607,2.08333
40.622,25.3848,1.23607,2.08333
40.6981,25.3909,1.23607,2.08333
40.7741,25.397,1.23607,2.08333
40.7741,25.397,1.23607,2.08333
40.87,25.3765,1.23607,2.08333
40.966,25.3561,1.23607,2.08333
41.0619,25.3356,1.23607,2.08333
41.1578,25.3152,1.23607,2.08333
41.1578,25.3152,1.23607,2.08333
41.2345,25.3401,1.23607,2.08333
41.2345,25.3401,1.23607,2.08333
41.298,25.3649,1.23607,2.08333
41.3615,25.3897,1.23607,2.08333
41.425,25.4145,1.23607,2.08333
41.425,25.4145,1.23607,2.08333
41.4556,25.4088,1.23607,2.08333
41.4861,25.403,1.23607,2.08333
41.5167,25.3972,1.23607,2.08333
41.5167,25.3972,1.23607,2.08333
41.5366,25.4004,1.23607,2.08333
41.5565,25.4036,1.23607,2.08333
41.5764,25.4068,1.23607,2.08333
41.5764,25.4068,1.23607,2.08333
41.5767,25.4197,1.23607,2.08333
41.577,25.4327,1.23607,2.08333
41.5773,25.4456,1.23607,2.08333
41.5773,25.4456,1.23607,2.08333
41.606,25.4177,1.23607,2.08333
41.606,25.4177,1.23607,2.08333
41.7036,25.4134,1.23607,2.08333
41.8012,25.4092,1.23607,2.08333
41.8989,25.4049,1.23607,2.08333
41.9965,25.4006,1.23607,2.08333
42.0942,25.3964,1.23607,2.08333
42.0942,25.3964,1.23607,2.08333
42.1432,25.4202,1.23607,2.08333
42.1432,25.4202,1.23607,2.08333
42.2184,25.4342,1.23607,2.08333
42.2184,25.4342,1.23607,2.08333
42.2815,25.4463,1.23607,2.08333
42.2815,25.4463,1.23607,2.08333
42.3683,25.4571,1.23607,2.08333
42.4551,25.4679,1.23607,2.08333
42.5419,25.4786,1.23607,2.08333
42.6287,25.4894,1.23607,2.08333
42.6287,25.4894,1.23607,2.08333
42.6501,25.4994,1.23607,2.08333
42.6716,25.5094,1.23607,2.08333
42.6931,25.5195,1.23607,2.08333
42.6931,25.5195,1.23607,2.08333
42.6538,25.5201,1.23607,2.08333
42.6145,25.5207,1.23607,2.08333
42.5751,25.5213,1.23607,2.08333
42.5751,25.5213,1.23607,2.08333
42.6488,25.5244,1.23607,2.08333
42.7225,25.5275,1.23607,2.08333
42.7961,25.5306,1.23607,2.08333
42.7961,25.5306,1.23607,2.08333
42.8529,25.6282,1.23607,2.08333
42.8529,25.6282,1.23607,2.08333
42.8732,25.6379,1.23607,2.08333
42.8936,25.6476,1.23607,2.08333
42.914,25.6572,1.23607,2.08333
42.9343,25.6669,1.23607,2.08333
42.9343,25.6669,1.23607,2.08333
42.986,25.6928,1.23607,2.08333
43.0377,25.7188,1.23607,2.08333
43.0893,25.7447,1.23607,2.08333
43.0893,25.7447,1.23607,2.08333
43.1447,25.7837,1.23607,2.08333
43.2001,25.8228,1.23607,2.08333
43.2001,25.8228,1.23607,2.08333
43.2372,25.835,1.23607,2.08333
43.2744,25.8473,1.23607,2.08333
43.3115,25.8596,1.23607,2.08333
43.3486,25.8719,1.23607,2.08333
43.3857,25.8842,1.23607,2.08333
43.3857,25.8842,1.23607,2.08333
43.4654,25.9116,1.23607,2.08333
43.5451,25.9391,1.23607,2.08333
43.6248,25.9666,1.23607,2.08333
43.7045,25.9941,1.23607,2.08333
43.7842,26.0216,1.23607,2.08333
43.7842,26.0216,1.23607,2.08333
43.8459,26.0445,1.23607,2.08333
43.9076,26.0675,1.23607,2.08333
43.9692,26.0905,1.23607,2.08333
43.9692,26.0905,1.23607,2.08333
43.9986,26.0766,1.23607,2.08333
44.028,26.0627,1.23607,2.08333
44.0574,26.0488,1.23607,2.08333
44.0867,26.0349,1.23607,2.08333
44.1161,26.021,1.23607,2.08333
44.1161,26.021,1.23607,2.08333
44.1441,26.1088,1.23607,2.08333
44.172,26.1966,1.23607,2.08333
44.2,26.2844,1.23607,2.08333
44.2,26.2844,1.23607,2.08333
44.2364,26.2964,1.23607,2.08333
44.2728,26.3084,1.23607,2.08333
44.3093,26.3204,1.23607,2.08333
44.3093,26.3204,1.23607,2.08333
44.3938,26.3934,1.23607,2.08333
44.3938,26.3934,1.23607,2.08333
44.4254,26.4846,1.23607,2.08333
44.4569,26.5758,1.23607,2.08333
44.4885,26.667,1.23607,2.08333
44.5201,26.7583,1.23607,2.08333
44.5517,26.8495,1.23607,2.08333
44.5517,26.8495,1.23607,2.08333
44.5829,26.9187,1.23607,2.08333
44.6142,26.9879,1.23607,2.08333
44.6454,27.0571,1.23607,2.08333
44.6454,27.0571,1.23607,2.08333
44.7004,27.0995,1.23607,2.08333
44.7004,27.0995,1.23607,2.08333
44.6717,27.1502,1.23607,2.08333
44.6717,27.1502,1.23607,2.08333
44.7023,27.1889,1.23607,2.08333
44.733,27.2276,1.23607,2.08333
44.7637,27.2663,1.23607,2.08333
44.7637,27.2663,1.23607,2.08333
44.7857,27.283,1.23607,2.08333
44.8077,27.2996,1.23607,2.08333
44.8297,27.3163,1.23607,2.08333
44.8518,27.333,1.23607,2.08333
44.8738,27.3496,1.23607,2.08333
44.8738,27.3496,1.23607,2.08333
44.8993,27.3693,1.23607,2.08333
44.9247,27.389,1.23607,2.08333
44.9247,27.389,1.23607,2.08333
44.9543,27.408,1.23607,2.08333
44.9543,27.408,1.23607,2.08333
44.9313,27.4623,1.23607,2.08333
44.9084,27.5167,1.23607,2.08333
44.8854,27.5711,1.23607,2.08333
44.8625,27.6254,1.23607,2.08333
44.8395,27.6798,1.23607,2.08333
44.8395,27.6798,1.23607,2.08333
44.8705,27.6845,1.23607,2.08333
44.9014,27.6891,1.23607,2.08333
44.9324,27.6938,1.23607,2.08333
44.9324,27.6938,1.23607,2.08333
44.9465,27.7225,1.23607,2.08333
44.9465,27.7225,1.23607,2.08333
44.9941,27.7848,1.23607,2.08333
44.9941,27.7848,1.23607,2.08333
44.9741,27.8306,1.23607,2.08333
44.9541,27.8764,1.23607,2.08333
44.934,27.9223,1.23607,2.08333
44.914,27.9681,1.23607,2.08333
44.8939,28.0139,1.23607,2.08333
44.8939,28.0139,1.23607,2.08333
44.86,28.091,1.23607,2.08333
44.8261,28.1681,1.23607,2.08333
44.7923,28.2453,1.23607,2.08333
44.7584,28.3224,1.23607,2.08333
44.7584,28.3224,1.23607,2.08333
44.8074,28.3827,1.23607,2.08333
44.8565,28.4429,1.23607,2.08333
44.9055,28.5032,1.23607,2.08333
44.9055,28.5032,1.23607,2.08333
44.9482,28.5174,1.23607,2.08333
44.9908,28.5315,1.23607,2.08333
45.0334,28.5456,1.23607,2.08333
45.0334,28.5456,1.23607,2.08333
45.0242,28.5897,1.23607,2.08333
45.0151,28.6338,1.23607,2.08333
45.0059,28.6778,1.23607,2.08333
45.0059,28.6778,1.23607,2.08333
45.025,28.7489,1.23607,2.08333
45.0441,28.82,1.23607,2.08333
45.0632,28.8911,1.23607,2.08333
45.0823,28.9621,1.23607,2.08333
45.1014,29.0332,1.23607,2.08333
45.1014,29.0332,1.23607,2.08333
45.0911,29.0767,1.23607,2.08333
45.0808,29.1202,1.23607,2.08333
45.0704,29.1636,1.23607,2.08333
45.0601,29.2071,1.23607,2.08333
45.0498,29.2506,1.23607,2.08333
45.0498,29.2506,1.23607,2.08333
45.0772,29.2876,1.23607,2.08333
45.1046,29.3247,1.23607,2.08333
45.1046,29.3247,1.23607,2.08333
45.1274,29.3687,1.23607,2.08333
45.1502,29.4126,1.23607,2.08333
45.173,29.4566,1.23607,2.08333
45.1958,29.5005,1.23607,2.08333
45.2186,29.5445,1.23607,2.08333
45.2186,29.5445,1.23607,2.08333
45.1712,29.5463,1.23607,2.08333
45.1239,29.548,1.23607,2.08333
45.0766,29.5497,1.23607,2.08333
45.0766,29.5497,1.23607,2.08333
45.0771,29.6022,1.23607,2.08333
45.0771,29.6022,1.23607,2.08333
45.1052,29.6614,1.23607,2.08333
45.1333,29.7206,1.23607,2.08333
45.1614,29.7799,1.23607,2.08333
45.1896,29.8391,1.23607,2.08333
45.1896,29.8391,1.23607,2.08333
45.2189,29.8714,1.23607,2.08333
45.2482,29.9036,1.23607,2.08333
45.3998,30.1839,1.23607,2.08333
45.3998,30.1839,1.23607,2.08333
45.4167,30.2319,1.23607,2.08333
45.4335,30.28,1.23607,2.08333
45.4503,30.328,1.23607,2.08333
45.4672,30.376,1.23607,2.08333
45.484,30.424,1.23607,2.08333
45.484,30.424,1.23607,2.08333
45.4397,30.4836,1.23607,2.08333
45.3955,30.5432,1.23607,2.08333
45.3512,30.6028,1.23607,2.08333
45.3069,30.6623,1.23607,2.08333
45.3069,30.6623,1.23607,2.08333
45.2741,30.7074,1.23607,2.08333
45.2413,30.7525,1.23607,2.08333
45.2084,30.7976,1.23607,2.08333
45.2084,30.7976,1.23607,2.08333
45.2024,30.8821,1.23607,2.08333
45.1964,30.9666,1.23607,2.08333
45.1904,31.0512,1.23607,2.08333
45.1904,31.0512,1.23607,2.08333
45.2156,31.0458,1.23607,2.08333
45.2156,31.0458,1.23607,2.08333
45.1768,31.1132,1.23607,2.08333
45.1768,31.1132,1.23607,2.08333
45.1983,31.1145,1.23607,2.08333
45.1983,31.1145,1.23607,2.08333
45.1712,31.2135,1.23607,2.08333
45.1441,31.3126,1.23607,2.08333
45.117,31.4117,1.23607,2.08333
45.0899,31.5108,1.23607,2.08333
45.0628,31.6099,1.23607,2.08333
45.0628,31.6099,1.23607,2.08333
45.0624,31.6896,1.23607,2.08333
45.0624,31.6896,1.23607,2.08333
45.0987,31.7766,1.23607,2.08333
45.135,31.8636,1.23607,2.08333
45.1714,31.9506,1.23607,2.08333
45.1714,31.9506,1.23607,2.08333
45.1168,31.9748,1.23607,2.08333
45.0623,31.9991,1.23607,2.08333
45.0078,32.0233,1.23607,2.08333
45.0078,32.0233,1.23607,2.08333
45.019,32.0424,1.23607,2.08333
45.0302,32.0614,1.23607,2.08333
45.0302,32.0614,1.23607,2.08333
44.9983,32.0632,1.23607,2.08333
44.9664,32.065,1.23607,2.08333
44.9345,32.0668,1.23607,2.08333
44.9345,32.0668,1.23607,2.08333
44.9296,32.158,1.23607,2.08333
44.9247,32.2493,1.23607,2.08333
44.9199,32.3406,1.23607,2.08333
44.915,32.4319,1.23607,2.08333
44.9101,32.5232,1.23607,2.08333
44.9101,32.5232,1.23607,2.08333
44.9628,32.6165,1.23607,2.08333
44.9628,32.6165,1.23607,2.08333
44.9841,32.6317,1.23607,2.08333
44.9841,32.6317,1.23607,2.08333
44.9563,32.6998,1.23607,2.08333
44.9284,32.7679,1.23607,2.08333
44.9005,32.836,1.23607,2.08333
44.8726,32.9041,1.23607,2.08333
44.8726,32.9041,1.23607,2.08333
44.8438,32.9576,1.23607,2.08333
44.8438,32.9576,1.23607,2.08333
44.8132,32.9794,1.23607,2.08333
44.7826,33.0012,1.23607,2.08333
44.752,33.023,1.23607,2.08333
44.7214,33.0448,1.23607,2.08333
44.7214,33.0448,1.23607,2.08333
44.7437,33.0582,1.23607,2.08333
44.766,33.0716,1.23607,2.08333
44.766,33.0716,1.23607,2.08333
44.7475,33.122,1.23607,2.08333
44.7475,33.122,1.23607,2.08333
44.7699,33.1805,1.23607,2.08333
44.7922,33.239,1.23607,2.08333
44.7922,33.239,1.23607,2.08333
44.7725,33.2739,1.23607,2.08333
44.7527,33.3088,1.23607,2.08333
44.733,33.3437,1.23607,2.08333
44.7133,33.3786,1.23607,2.08333
44.6936,33.4136,1.23607,2.08333
44.6936,33.4136,1.23607,2.08333
44.6571,33.414,1.23607,2.08333
44.6571,33.414,1.23607,2.08333
44.712,33.5082,1.23607,2.08333
44.7669,33.6024,1.23607,2.08333
44.8218,33.6966,1.23607,2.08333
44.8767,33.7907,1.23607,2.08333
44.9316,33.8849,1.23607,2.08333
44.9316,33.8849,1.23607,2.08333
44.9731,33.9692,1.23607,2.08333
44.9731,33.9692,1.23607,2.08333
44.9659,33.9765,1.23607,2.08333
44.9587,33.9839,1.23607,2.08333
44.9587,33.9839,1.23607,2.08333
44.9449,33.9855,1.23607,2.08333
44.931,33.987,1.23607,2.08333
44.9172,33.9886,1.23607,2.08333
44.9172,33.9886,1.23607,2.08333
44.8868,33.9141,1.23607,2.08333
44.8868,33.9141,1.23607,2.08333
44.8923,34.0046,1.23607,2.08333
44.8978,34.0951,1.23607,2.08333
44.9033,34.1857,1.23607,2.08333
44.9033,34.1857,1.23607,2.08333
44.9503,34.2322,1.23607,2.08333
44.9974,34.2788,1.23607,2.08333
45.0445,34.3254,1.23607,2.08333
45.0916,34.3719,1.23607,2.08333
45.1387,34.4185,1.23607,2.08333
45.1387,34.4185,1.23607,2.08333
45.1554,34.4434,1.23607,2.08333
45.1721,34.4682,1.23607,2.08333
45.1889,34.4931,1.23607,2.08333
45.1889,34.4931,1.23607,2.08333
45.1787,34.5501,1.23607,2.08333
45.1686,34.6071,1.23607,2.08333
45.1585,34.6641,1.23607,2.08333
45.1484,34.7211,1.23607,2.08333
45.1484,34.7211,1.23607,2.08333
45.1635,34.7844,1.23607,2.08333
45.1786,34.8476,1.23607,2.08333
45.1937,34.9109,1.23607,2.08333
45.2088,34.9741,1.23607,2.08333
45.2239,35.0374,1.23607,2.08333
